Date,title,link
1/1/2015,Mobile site มาให้ดูว่า ถ้าแบบนี้ จะ OK มั้ย เอาไว้พิจารณา ,http://m.edtguide.com/min/eat/406159 
,,http://m.edtguide.com/min/eat/406160
,,http://m.edtguide.com/min/eat/406161
,Mobile site มาให้ดูว่า ถ้าแบบนี้ จะ OK มั้ย เอาไว้พิจารณา ,http://m.edtguide.com/min/eat/406162
,,http://m.edtguide.com/min/eat/406163
,,http://m.edtguide.com/min/eat/406164
2/1/2015,ข้อมูลเพิ่มทางเทคนิค สอบถามได้ที่,http://m.edtguide.com/min/eat/406165
,,http://m.edtguide.com/min/eat/406166
,,http://m.edtguide.com/min/eat/406167
,ข้อมูลเพิ่มทางเทคนิค สอบถามได้ที่,http://m.edtguide.com/min/eat/406168
,,http://m.edtguide.com/min/eat/406169
,,http://m.edtguide.com/min/eat/406170
